text,is_italic,x_top_left,font_size,start,is_bold,font_name,is_normal,y_top_left,width,end,height,tf-idf
Резюме,false,288,15,0,true,Arial-BoldMT,false,64,61,6,7,0.0
Ильин,false,214,15,0,true,Arial-BoldMT,false,95,50,5,7,
Андрей,false,270,15,6,true,Arial-BoldMT,false,95,59,12,7,
Александрович,false,334,15,13,true,Arial-BoldMT,false,95,124,26,7,
Контактная,false,85,15,0,true,Arial-BoldMT,false,145,89,10,7,0.3010299956639812
информация,false,179,15,11,true,Arial-BoldMT,false,145,102,21,7,0.3010299956639812
Институт,false,85,12,0,false,ArialMT,true,174,50,8,5,0.0
гуманитарных,false,138,12,9,false,ArialMT,true,174,78,21,5,
историко-теоретических,false,220,12,22,false,ArialMT,true,174,135,44,5,
исследований,false,359,12,45,false,ArialMT,true,174,79,57,5,0.4822681122428943
им.,false,442,12,58,false,ArialMT,true,174,18,61,5,0.0
А.В.,false,463,12,62,false,ArialMT,true,174,22,66,5,
"Полетаева,",false,85,12,0,false,ArialMT,true,190,64,10,5,
Национальный,false,152,12,11,false,ArialMT,true,190,83,23,5,0.39164905395343774
исследовательский,false,239,12,24,false,ArialMT,true,190,109,41,5,0.3010299956639812
университет,false,352,12,42,false,ArialMT,true,190,69,53,5,0.0
«Высшая,false,425,12,54,false,ArialMT,true,190,52,61,5,0.0
школа,false,480,12,62,false,ArialMT,true,190,35,67,5,0.0
экономики»,false,85,12,0,false,ArialMT,true,206,64,10,5,0.0
(НИУ,false,153,12,11,false,ArialMT,true,206,28,15,5,0.0
"ВШЭ),",false,185,12,16,false,ArialMT,true,206,34,21,5,0.0
"Россия,",false,223,12,22,false,ArialMT,true,206,43,29,5,0.6020599913279624
"101000,",false,270,12,30,false,ArialMT,true,206,43,37,5,
г.,false,317,12,38,false,ArialMT,true,206,7,40,5,0.0
"Москва,",false,328,12,41,false,ArialMT,true,206,44,48,5,0.0
ул.,false,375,12,49,false,ArialMT,true,206,16,52,5,
"Мясницкая,",false,395,12,53,false,ArialMT,true,206,64,63,5,
д.,false,463,12,64,false,ArialMT,true,206,10,66,5,
20.,false,477,12,67,false,ArialMT,true,206,16,70,5,
Телефон:,false,85,12,0,false,ArialMT,true,231,54,8,5,0.3010299956639812
8-(967)-218-29-02,false,142,12,9,false,ArialMT,true,231,97,26,5,
Email:,false,85,12,0,false,ArialMT,true,257,33,6,5,0.3010299956639812
andrew.a.ilyin@gmail.com;,false,121,12,7,false,ArialMT,true,257,143,32,5,
aailin@hse.ru,false,268,12,33,false,ArialMT,true,257,73,46,5,
Опыт,false,85,15,0,true,Arial-BoldMT,false,311,43,4,7,0.0
работы,false,133,15,5,true,Arial-BoldMT,false,311,59,11,7,0.0
2020.,false,85,12,0,false,ArialMT,true,340,30,5,5,0.39164905395343774
Приглашенный,false,118,12,6,false,ArialMT,true,340,84,18,5,0.3010299956639812
преподаватель.,false,206,12,19,false,ArialMT,true,340,88,33,5,0.0
Факультет,false,298,12,34,false,ArialMT,true,340,57,43,5,0.0
гуманитарных,false,359,12,44,false,ArialMT,true,340,78,56,5,
наук,false,441,12,57,false,ArialMT,true,340,24,61,5,0.0
/,false,469,12,62,false,ArialMT,true,340,3,63,5,0.0
Школа,false,476,12,64,false,ArialMT,true,340,36,69,5,0.0
исторических,false,85,12,0,false,ArialMT,true,356,75,12,5,
"наук,",false,163,12,13,false,ArialMT,true,356,27,18,5,0.0
НИУ,false,194,12,19,false,ArialMT,true,356,24,22,5,0.0
ВШЭ.,false,222,12,23,false,ArialMT,true,356,30,27,5,0.0
2019-н.в.,false,85,12,0,false,ArialMT,true,382,50,9,5,
Старший,false,138,12,10,false,ArialMT,true,382,50,17,5,0.0
научный,false,192,12,18,false,ArialMT,true,382,47,25,5,0.0
сотрудник.,false,243,12,26,false,ArialMT,true,382,59,36,5,0.39164905395343774
Институт,false,306,12,37,false,ArialMT,true,382,50,45,5,0.0
гуманитарных,false,360,12,46,false,ArialMT,true,382,78,58,5,
историко-,false,442,12,59,false,ArialMT,true,382,54,68,5,
теоретических,false,85,12,0,false,ArialMT,true,398,81,13,5,0.3010299956639812
исследований,false,169,12,14,false,ArialMT,true,398,79,26,5,0.4822681122428943
им.,false,252,12,27,false,ArialMT,true,398,18,30,5,0.0
А.В.,false,273,12,31,false,ArialMT,true,398,22,35,5,
"Полетаева,",false,299,12,36,false,ArialMT,true,398,64,46,5,
НИУ,false,367,12,47,false,ArialMT,true,398,24,50,5,0.0
ВШЭ.,false,395,12,51,false,ArialMT,true,398,30,55,5,0.0
2017-2018.,false,85,12,0,false,ArialMT,true,424,60,10,5,
Стажер-исследователь.,false,149,12,11,false,ArialMT,true,424,134,32,5,
Институт,false,286,12,33,false,ArialMT,true,424,50,41,5,0.0
гуманитарных,false,340,12,42,false,ArialMT,true,424,78,54,5,
историко-,false,422,12,55,false,ArialMT,true,424,54,64,5,
теоретических,false,85,12,0,false,ArialMT,true,440,81,13,5,0.3010299956639812
исследований,false,169,12,14,false,ArialMT,true,440,79,26,5,0.4822681122428943
им.,false,252,12,27,false,ArialMT,true,440,18,30,5,0.0
А.В.,false,273,12,31,false,ArialMT,true,440,22,35,5,
"Полетаева,",false,299,12,36,false,ArialMT,true,440,64,46,5,
НИУ,false,367,12,47,false,ArialMT,true,440,24,50,5,0.0
ВШЭ.,false,395,12,51,false,ArialMT,true,440,30,55,5,0.0
2017.,false,85,12,0,false,ArialMT,true,466,30,5,5,0.555429854985112
Приглашенный,false,118,12,6,false,ArialMT,true,466,84,18,5,0.3010299956639812
преподаватель.,false,206,12,19,false,ArialMT,true,466,88,33,5,0.0
Факультет,false,298,12,34,false,ArialMT,true,466,57,43,5,0.0
гуманитарных,false,360,12,44,false,ArialMT,true,466,78,56,5,
наук,false,442,12,57,false,ArialMT,true,466,24,61,5,0.0
/,false,469,12,62,false,ArialMT,true,466,3,63,5,0.0
Школа,false,476,12,64,false,ArialMT,true,466,36,69,5,0.0
исторических,false,85,12,0,false,ArialMT,true,481,75,12,5,
"наук,",false,163,12,13,false,ArialMT,true,481,27,18,5,0.0
НИУ,false,194,12,19,false,ArialMT,true,481,24,22,5,0.0
ВШЭ.,false,222,12,23,false,ArialMT,true,481,30,27,5,0.0
2016.,false,85,12,0,false,ArialMT,true,507,30,5,5,0.4822681122428943
Ассистент,false,118,12,6,false,ArialMT,true,507,56,15,5,
к.и.н.,false,178,12,16,false,ArialMT,true,507,28,22,5,
доцента,false,210,12,23,false,ArialMT,true,507,46,30,5,0.0
М.Ф.,false,260,12,31,false,ArialMT,true,507,25,35,5,
Румянцевой.,false,289,12,36,false,ArialMT,true,507,72,47,5,
Курс,false,364,12,48,false,ArialMT,true,507,25,52,5,0.0
«Теория,false,393,12,53,false,ArialMT,true,507,47,60,5,0.3010299956639812
и,false,444,12,61,false,ArialMT,true,507,6,62,5,0.0
методы,false,454,12,63,false,ArialMT,true,507,42,69,5,0.4822681122428943
современного,false,85,12,0,false,ArialMT,true,523,78,12,5,0.4822681122428943
исторического,false,166,12,13,false,ArialMT,true,523,80,26,5,
познания».,false,250,12,27,false,ArialMT,true,523,61,37,5,
Факультет,false,315,12,38,false,ArialMT,true,523,57,47,5,0.0
гуманитарных,false,376,12,48,false,ArialMT,true,523,78,60,5,
"наук,",false,458,12,61,false,ArialMT,true,523,28,66,5,0.0
НИУ,false,490,12,67,false,ArialMT,true,523,24,70,5,0.0
ВШЭ.,false,518,12,71,false,ArialMT,true,523,30,75,5,0.0
2015-н.в.,false,85,12,0,false,ArialMT,true,549,50,9,5,
Преподаватель,false,138,12,10,false,ArialMT,true,549,87,23,5,0.0
истории.,false,229,12,24,false,ArialMT,true,549,48,32,5,
Лицей,false,281,12,33,false,ArialMT,true,549,34,38,5,
НИУ,false,319,12,39,false,ArialMT,true,549,24,42,5,0.0
ВШЭ.,false,347,12,43,false,ArialMT,true,549,31,47,5,0.0
Образование,false,85,15,0,true,Arial-BoldMT,false,605,105,11,7,0.0
2018,false,85,12,0,false,ArialMT,true,635,26,4,5,0.44465780490343443
Кандидат,false,115,12,5,false,ArialMT,true,635,53,13,5,0.3010299956639812
исторических,false,171,12,14,false,ArialMT,true,635,75,26,5,
"наук,",false,249,12,27,false,ArialMT,true,635,27,32,5,0.0
Национальный,false,281,12,33,false,ArialMT,true,635,84,45,5,0.39164905395343774
исследовательский,false,368,12,46,false,ArialMT,true,635,109,63,5,0.3010299956639812
университет,false,481,12,64,false,ArialMT,true,635,69,75,5,0.0
«Высшая,false,85,12,0,false,ArialMT,true,650,52,7,5,0.0
школа,false,140,12,8,false,ArialMT,true,650,35,13,5,0.0
экономики».,false,179,12,14,false,ArialMT,true,650,68,25,5,0.0
2014,false,85,12,0,false,ArialMT,true,676,26,4,5,0.555429854985112
"Специалист,",false,115,12,5,false,ArialMT,true,676,70,16,5,
"(историк,",false,189,12,17,false,ArialMT,true,676,50,26,5,
преподаватель,false,243,12,27,false,ArialMT,true,676,85,40,5,0.0
истории),false,331,12,41,false,ArialMT,true,676,48,49,5,
Московский,false,383,12,50,false,ArialMT,true,676,65,60,5,0.3010299956639812
Государственный,false,452,12,61,false,ArialMT,true,676,98,76,5,0.0
Педагогический,false,85,12,0,false,ArialMT,true,692,88,14,5,
Университет.,false,177,12,15,false,ArialMT,true,692,74,27,5,0.0
Диплом,false,254,12,28,false,ArialMT,true,692,43,34,5,0.44465780490343443
с,false,301,12,35,false,ArialMT,true,692,6,36,5,0.0
отличием.,false,310,12,37,false,ArialMT,true,692,56,46,5,0.39164905395343774
Конференции,false,85,15,0,true,Arial-BoldMT,false,64,109,11,7,0.6258959214823476
и,false,199,15,12,true,Arial-BoldMT,false,64,9,13,7,0.0
стажировки,false,213,15,14,true,Arial-BoldMT,false,64,93,24,7,0.3010299956639812
2020.,false,85,12,0,false,ArialMT,true,104,30,5,5,0.39164905395343774
Семинар,false,118,12,6,false,ArialMT,true,104,50,13,5,0.0
Центра,false,172,12,14,false,ArialMT,true,104,40,20,5,0.0
Res,false,216,12,21,false,ArialMT,true,104,21,24,5,
Publica.,false,241,12,25,false,ArialMT,true,104,42,33,5,
ЕУСПб.,false,287,12,34,false,ArialMT,true,104,43,40,5,
Доклад,false,333,12,41,false,ArialMT,true,104,40,47,5,0.3010299956639812
«Между,false,377,12,48,false,ArialMT,true,104,44,54,5,
бунтом,false,425,12,55,false,ArialMT,true,104,40,61,5,
и,false,468,12,62,false,ArialMT,true,104,6,63,5,0.0
прогрессом:,false,478,12,64,false,ArialMT,true,104,67,75,5,
к,false,85,12,0,false,ArialMT,true,118,5,1,5,0.555429854985112
истории,false,93,12,2,false,ArialMT,true,118,44,9,5,
понятия,false,142,12,10,false,ArialMT,true,118,45,17,5,
«революция»,false,190,12,18,false,ArialMT,true,118,75,29,5,
в,false,269,12,30,false,ArialMT,true,118,6,31,5,0.0
"России,",false,279,12,32,false,ArialMT,true,118,43,39,5,0.6020599913279624
1789–1871»,false,325,12,40,false,ArialMT,true,118,66,50,5,
2019.,false,85,12,0,false,ArialMT,true,156,30,5,5,0.535276863192891
Симпозиум,false,118,12,6,false,ArialMT,true,156,63,15,5,
«Пути,false,185,12,16,false,ArialMT,true,156,33,21,5,0.3010299956639812
России».,false,221,12,22,false,ArialMT,true,156,50,30,5,0.6020599913279624
МВШСЭН,false,275,12,31,false,ArialMT,true,156,54,37,5,
и,false,333,12,38,false,ArialMT,true,156,6,39,5,0.0
РАНХиГС.,false,343,12,40,false,ArialMT,true,156,57,48,5,
Доклад,false,404,12,49,false,ArialMT,true,156,40,55,5,0.3010299956639812
«Понятие,false,448,12,56,false,ArialMT,true,156,54,64,5,
"""Народ""",false,506,12,65,false,ArialMT,true,156,44,72,5,0.3010299956639812
в,false,85,12,0,false,ArialMT,true,170,6,1,5,0.0
эпоху,false,94,12,2,false,ArialMT,true,170,31,7,5,
реформ,false,129,12,8,false,ArialMT,true,170,44,14,5,
Александра,false,177,12,15,false,ArialMT,true,170,66,25,5,
II:,false,247,12,26,false,ArialMT,true,170,10,29,5,
цензура,false,260,12,30,false,ArialMT,true,170,44,37,5,
многозначности».,false,309,12,38,false,ArialMT,true,170,99,54,5,
2019.,false,85,12,0,false,ArialMT,true,207,30,5,5,0.535276863192891
Международная,false,118,12,6,false,ArialMT,true,207,91,19,5,0.0
летняя,false,212,12,20,false,ArialMT,true,207,38,26,5,
школа,false,255,12,27,false,ArialMT,true,207,35,32,5,0.0
«Кризис,false,293,12,33,false,ArialMT,true,207,45,40,5,
академии,false,342,12,41,false,ArialMT,true,207,53,49,5,0.44465780490343443
в,false,399,12,50,false,ArialMT,true,207,6,51,5,0.0
современной,false,409,12,52,false,ArialMT,true,207,73,63,5,0.4822681122428943
истории».,false,486,12,64,false,ArialMT,true,207,55,73,5,
Доклад,false,85,12,0,false,ArialMT,true,223,40,6,5,0.3010299956639812
“The,false,129,12,7,false,ArialMT,true,223,24,11,5,0.5728871705323508
Advent,false,157,12,12,false,ArialMT,true,223,37,18,5,
of,false,197,12,19,false,ArialMT,true,223,9,21,5,0.0
Grants:,false,211,12,22,false,ArialMT,true,223,39,29,5,
Project-related,false,253,12,30,false,ArialMT,true,223,78,45,5,
funding,false,335,12,46,false,ArialMT,true,223,39,53,5,
and,false,377,12,54,false,ArialMT,true,223,20,57,5,0.0
Russian,false,401,12,58,false,ArialMT,true,223,43,65,5,0.3010299956639812
Academia,false,447,12,66,false,ArialMT,true,223,53,74,5,
in,false,504,12,75,false,ArialMT,true,223,9,77,5,0.0
the,false,517,12,78,false,ArialMT,true,223,16,81,5,0.5728871705323508
1990s”.,false,85,12,0,false,ArialMT,true,239,40,7,5,
2018.,false,85,12,0,false,ArialMT,true,265,30,5,5,0.44465780490343443
IX,false,118,12,6,false,ArialMT,true,265,11,8,5,
Международная,false,133,12,9,false,ArialMT,true,265,91,22,5,0.0
конференция,false,227,12,23,false,ArialMT,true,265,75,34,5,0.6258959214823476
исследователей,false,306,12,35,false,ArialMT,true,265,91,49,5,
высшего,false,401,12,50,false,ArialMT,true,265,48,57,5,0.0
образования.,false,452,12,58,false,ArialMT,true,265,75,70,5,0.0
НИУ,false,85,12,0,false,ArialMT,true,279,24,3,5,0.0
ВШЭ.,false,113,12,4,false,ArialMT,true,279,30,8,5,0.0
Доклад,false,147,12,9,false,ArialMT,true,279,40,15,5,0.3010299956639812
«Учет,false,191,12,16,false,ArialMT,true,279,32,21,5,0.39164905395343774
и,false,227,12,22,false,ArialMT,true,279,6,23,5,0.0
контроль,false,237,12,24,false,ArialMT,true,279,50,32,5,
преподавательского,false,291,12,33,false,ArialMT,true,279,114,51,5,
времени,false,409,12,52,false,ArialMT,true,279,47,59,5,
в,false,460,12,60,false,ArialMT,true,279,6,61,5,0.0
советском,false,470,12,62,false,ArialMT,true,279,57,71,5,
университете,false,85,12,0,false,ArialMT,true,293,76,12,5,0.0
1960-,false,164,12,13,false,ArialMT,true,293,30,18,5,
1980,false,198,12,19,false,ArialMT,true,293,26,23,5,
х,false,228,12,24,false,ArialMT,true,293,6,25,5,
гг.»,false,237,12,26,false,ArialMT,true,293,18,30,5,0.39164905395343774
2018.,false,85,12,0,false,ArialMT,true,316,30,5,5,0.44465780490343443
Факультет,false,118,12,6,false,ArialMT,true,316,57,15,5,0.0
истории,false,179,12,16,false,ArialMT,true,316,44,23,5,
Восточной,false,228,12,24,false,ArialMT,true,316,59,33,5,
Европы,false,290,12,34,false,ArialMT,true,316,42,40,5,0.3010299956639812
Кёльнского,false,336,12,41,false,ArialMT,true,316,62,51,5,
университета.,false,402,12,52,false,ArialMT,true,316,79,65,5,0.0
Доклад,false,485,12,66,false,ArialMT,true,316,40,72,5,0.3010299956639812
"""'Great",false,85,12,0,false,ArialMT,true,330,36,7,5,
Reforms':,false,125,12,8,false,ArialMT,true,330,50,17,5,
Alexander,false,179,12,18,false,ArialMT,true,330,53,27,5,
Herzen,false,236,12,28,false,ArialMT,true,330,38,34,5,
and,false,278,12,35,false,ArialMT,true,330,20,38,5,0.0
Emotional,false,302,12,39,false,ArialMT,true,330,53,48,5,
Regimes,false,358,12,49,false,ArialMT,true,330,47,56,5,
of,false,409,12,57,false,ArialMT,true,330,9,59,5,0.0
the,false,422,12,60,false,ArialMT,true,330,16,63,5,0.5728871705323508
Russian,false,442,12,64,false,ArialMT,true,330,43,71,5,0.3010299956639812
"Empire"".",false,489,12,72,false,ArialMT,true,330,45,80,5,
2017.,false,85,12,0,false,ArialMT,true,354,30,5,5,0.555429854985112
Конференция.,false,118,12,6,false,ArialMT,true,354,80,18,5,0.6258959214823476
The,false,202,12,19,false,ArialMT,true,354,20,22,5,0.5728871705323508
20th,false,226,12,23,false,ArialMT,true,354,23,27,5,
International,false,252,12,28,false,ArialMT,true,354,66,41,5,0.4822681122428943
Conference,false,322,12,42,false,ArialMT,true,354,62,52,5,0.5114409330385058
on,false,387,12,53,false,ArialMT,true,354,13,55,5,0.3010299956639812
Conceptual,false,404,12,56,false,ArialMT,true,354,60,66,5,
History.,false,468,12,67,false,ArialMT,true,354,40,75,5,
"""Concepts",false,85,12,0,false,ArialMT,true,368,55,9,5,
in,false,143,12,10,false,ArialMT,true,368,9,12,5,0.0
the,false,156,12,13,false,ArialMT,true,368,16,16,5,0.5728871705323508
World:,false,175,12,17,false,ArialMT,true,368,34,23,5,0.39164905395343774
"Politics,",false,213,12,24,false,ArialMT,true,368,41,33,5,
"Knowledge,",false,258,12,34,false,ArialMT,true,368,62,44,5,
and,false,324,12,45,false,ArialMT,true,368,20,48,5,0.0
"Time"".",false,347,12,49,false,ArialMT,true,368,34,55,5,
Университет,false,385,12,56,false,ArialMT,true,368,71,67,5,0.0
Осло.,false,460,12,68,false,ArialMT,true,368,32,73,5,
Доклад:,false,495,12,74,false,ArialMT,true,368,44,81,5,0.3010299956639812
“Translation,false,85,12,0,false,ArialMT,true,382,63,12,5,
of,false,151,12,13,false,ArialMT,true,382,9,15,5,0.0
Exclusion:,false,165,12,16,false,ArialMT,true,382,54,26,5,
On,false,223,12,27,false,ArialMT,true,382,15,29,5,0.3010299956639812
the,false,242,12,30,false,ArialMT,true,382,16,33,5,0.5728871705323508
History,false,262,12,34,false,ArialMT,true,382,37,41,5,
of,false,303,12,42,false,ArialMT,true,382,9,44,5,0.0
«Narod»,false,316,12,45,false,ArialMT,true,382,46,52,5,
(People),false,365,12,53,false,ArialMT,true,382,45,61,5,
in,false,414,12,62,false,ArialMT,true,382,9,64,5,0.0
"Russia,",false,427,12,65,false,ArialMT,true,382,39,72,5,
1855-1874”.,false,470,12,73,false,ArialMT,true,382,65,84,5,
2017.,false,85,12,0,false,ArialMT,true,406,30,5,5,0.555429854985112
Конференция,false,118,12,6,false,ArialMT,true,406,76,17,5,0.6258959214823476
«Прямухинские,false,198,12,18,false,ArialMT,true,406,86,31,5,
чтения,false,288,12,32,false,ArialMT,true,406,38,38,5,0.3010299956639812
2017».,false,330,12,39,false,ArialMT,true,406,36,45,5,0.555429854985112
Доклад:,false,370,12,46,false,ArialMT,true,406,44,53,5,0.3010299956639812
«Бакунин,false,417,12,54,false,ArialMT,true,406,52,62,5,
о,false,473,12,63,false,ArialMT,true,406,6,64,5,0.44465780490343443
проблеме,false,483,12,65,false,ArialMT,true,406,55,73,5,0.5882856141428877
революционного,false,85,12,0,false,ArialMT,true,421,93,14,5,
насилия».,false,182,12,15,false,ArialMT,true,421,56,24,5,
2017.,false,85,12,0,false,ArialMT,true,447,30,5,5,0.555429854985112
Конференция,false,118,12,6,false,ArialMT,true,447,76,17,5,0.6258959214823476
«Способы,false,198,12,18,false,ArialMT,true,447,56,26,5,0.3010299956639812
"мысли,",false,258,12,27,false,ArialMT,true,447,39,33,5,
пути,false,301,12,34,false,ArialMT,true,447,24,38,5,0.3010299956639812
говорения».,false,329,12,39,false,ArialMT,true,447,67,50,5,
НИУ,false,400,12,51,false,ArialMT,true,447,24,54,5,0.0
ВШЭ.,false,428,12,55,false,ArialMT,true,447,30,59,5,0.0
Доклад:,false,463,12,60,false,ArialMT,true,447,44,67,5,0.3010299956639812
«Революция,false,85,12,0,false,ArialMT,true,463,70,10,5,
и,false,158,12,11,false,ArialMT,true,463,6,12,5,0.0
реформа:,false,168,12,13,false,ArialMT,true,463,54,21,5,
соотношение,false,227,12,22,false,ArialMT,true,463,74,33,5,
понятий,false,305,12,34,false,ArialMT,true,463,45,41,5,
в,false,353,12,42,false,ArialMT,true,463,6,43,5,0.0
эпоху,false,363,12,44,false,ArialMT,true,463,31,49,5,
Александра,false,397,12,50,false,ArialMT,true,463,66,60,5,
II».,false,467,12,61,false,ArialMT,true,463,16,65,5,
2016.,false,85,12,0,false,ArialMT,true,489,30,5,5,0.4822681122428943
Международная,false,118,12,6,false,ArialMT,true,489,91,19,5,0.0
школа,false,212,12,20,false,ArialMT,true,489,35,25,5,0.0
молодых,false,251,12,26,false,ArialMT,true,489,50,33,5,
ученых,false,305,12,34,false,ArialMT,true,489,40,40,5,0.39164905395343774
«Междисциплинарные,false,348,12,41,false,ArialMT,true,489,126,59,5,
историко-,false,478,12,60,false,ArialMT,true,489,54,69,5,
научные,false,85,12,0,false,ArialMT,true,505,47,7,5,0.0
исследования:,false,135,12,8,false,ArialMT,true,505,82,21,5,0.4822681122428943
Вступая,false,221,12,22,false,ArialMT,true,505,45,29,5,
в,false,269,12,30,false,ArialMT,true,505,6,31,5,0.0
XXI,false,279,12,32,false,ArialMT,true,505,19,35,5,0.3010299956639812
век».,false,302,12,36,false,ArialMT,true,505,28,41,5,
Дом,false,334,12,42,false,ArialMT,true,505,23,45,5,0.3010299956639812
русского,false,360,12,46,false,ArialMT,true,505,47,54,5,
зарубежья,false,411,12,55,false,ArialMT,true,505,59,64,5,
им.,false,473,12,65,false,ArialMT,true,505,18,68,5,0.0
А.И.,false,495,12,69,false,ArialMT,true,505,23,73,5,0.0
Солженицины.,false,85,12,0,false,ArialMT,true,521,82,12,5,
Доклад:,false,171,12,13,false,ArialMT,true,521,43,20,5,0.3010299956639812
«История,false,218,12,21,false,ArialMT,true,521,53,29,5,
понятий,false,275,12,30,false,ArialMT,true,521,45,37,5,
и,false,323,12,38,false,ArialMT,true,521,6,39,5,0.0
методы,false,333,12,40,false,ArialMT,true,521,42,46,5,0.4822681122428943
Digital,false,379,12,47,false,ArialMT,true,521,33,54,5,
Humanities:,false,416,12,55,false,ArialMT,true,521,63,66,5,
пример,false,483,12,67,false,ArialMT,true,521,41,73,5,
анализа,false,85,12,0,false,ArialMT,true,537,45,7,5,0.6789046724323442
понятия,false,134,12,8,false,ArialMT,true,537,45,15,5,
"«бунт»,",false,182,12,16,false,ArialMT,true,537,41,23,5,
1780–1916».,false,227,12,24,false,ArialMT,true,537,70,35,5,
2016.,false,85,12,0,false,ArialMT,true,563,30,5,5,0.4822681122428943
Конференция,false,118,12,6,false,ArialMT,true,563,76,17,5,0.6258959214823476
Graduate,false,198,12,18,false,ArialMT,true,563,50,26,5,
Conference,false,252,12,27,false,ArialMT,true,563,61,37,5,0.5114409330385058
in,false,317,12,38,false,ArialMT,true,563,9,40,5,0.0
European,false,330,12,41,false,ArialMT,true,563,52,49,5,
History:,false,385,12,50,false,ArialMT,true,563,40,58,5,
"Resilience,",false,429,12,59,false,ArialMT,true,563,58,70,5,
"Restoration,",false,85,12,0,false,ArialMT,true,578,64,12,5,
Revival:,false,153,12,13,false,ArialMT,true,578,42,21,5,
The,false,199,12,22,false,ArialMT,true,578,20,25,5,0.5728871705323508
Endurance,false,223,12,26,false,ArialMT,true,578,58,35,5,
of,false,284,12,36,false,ArialMT,true,578,9,38,5,0.0
Structures,false,297,12,39,false,ArialMT,true,578,54,49,5,
from,false,355,12,50,false,ArialMT,true,578,24,54,5,
Early,false,383,12,55,false,ArialMT,true,578,27,60,5,
Modern,false,413,12,61,false,ArialMT,true,578,40,67,5,
Times,false,458,12,68,false,ArialMT,true,578,32,73,5,
to,false,494,12,74,false,ArialMT,true,578,10,76,5,0.44465780490343443
the,false,507,12,77,false,ArialMT,true,578,16,80,5,0.5728871705323508
Present.,false,85,12,0,false,ArialMT,true,594,44,8,5,
CEU,false,133,12,9,false,ArialMT,true,594,25,12,5,
(Будапешт).,false,161,12,13,false,ArialMT,true,594,67,24,5,
Доклад:,false,232,12,25,false,ArialMT,true,594,44,32,5,0.3010299956639812
“Resilience,false,279,12,33,false,ArialMT,true,594,59,44,5,
of,false,342,12,45,false,ArialMT,true,594,9,47,5,0.0
Imperial,false,355,12,48,false,ArialMT,true,594,42,56,5,
Order:,false,401,12,57,false,ArialMT,true,594,33,63,5,
Radical,false,439,12,64,false,ArialMT,true,594,40,71,5,
Discourse,false,482,12,72,false,ArialMT,true,594,53,81,5,
on,false,539,12,82,false,ArialMT,true,594,13,84,5,0.3010299956639812
Change,false,85,12,0,false,ArialMT,true,610,42,6,5,
in,false,130,12,7,false,ArialMT,true,610,9,9,5,0.0
"Russia,",false,143,12,10,false,ArialMT,true,610,39,17,5,
1840-1880”.,false,186,12,18,false,ArialMT,true,610,64,29,5,
2015.,false,85,12,0,false,ArialMT,true,636,30,5,5,0.4822681122428943
Конференция,false,118,12,6,false,ArialMT,true,636,76,17,5,0.6258959214823476
«Проблематика,false,198,12,18,false,ArialMT,true,636,88,31,5,
войны,false,290,12,32,false,ArialMT,true,636,34,37,5,
в,false,328,12,38,false,ArialMT,true,636,6,39,5,0.0
гуманитарных,false,338,12,40,false,ArialMT,true,636,78,52,5,
науках:,false,420,12,53,false,ArialMT,true,636,40,60,5,0.0
история,false,464,12,61,false,ArialMT,true,636,44,68,5,
и,false,512,12,69,false,ArialMT,true,636,6,70,5,0.0
перспективы,false,85,12,0,false,ArialMT,true,652,71,11,5,0.3010299956639812
исследования».,false,159,12,12,false,ArialMT,true,652,88,26,5,0.4822681122428943
НИУ,false,252,12,27,false,ArialMT,true,652,24,30,5,0.0
ВШЭ.,false,280,12,31,false,ArialMT,true,652,31,35,5,0.0
Доклад,false,314,12,36,false,ArialMT,true,652,40,42,5,0.3010299956639812
«Между,false,358,12,43,false,ArialMT,true,652,44,49,5,
справедливой,false,406,12,50,false,ArialMT,true,652,79,62,5,
войной,false,489,12,63,false,ArialMT,true,652,39,69,5,
и,false,532,12,70,false,ArialMT,true,652,6,71,5,0.0
пацифизмом:,false,85,12,0,false,ArialMT,true,668,75,11,5,
этика,false,163,12,12,false,ArialMT,true,668,30,17,5,
войны,false,197,12,18,false,ArialMT,true,668,35,23,5,
М.,false,235,12,24,false,ArialMT,true,668,13,26,5,0.4822681122428943
А.,false,252,12,27,false,ArialMT,true,668,11,29,5,0.0
Бакунина»,false,267,12,30,false,ArialMT,true,668,59,39,5,
2015.,false,85,12,0,false,ArialMT,true,694,30,5,5,0.4822681122428943
Прямухинские,false,118,12,6,false,ArialMT,true,694,79,18,5,
чтения,false,201,12,19,false,ArialMT,true,694,38,25,5,0.3010299956639812
2015.,false,243,12,26,false,ArialMT,true,694,30,31,5,0.4822681122428943
13.07.2015.,false,276,12,32,false,ArialMT,true,694,63,43,5,
Доклад,false,343,12,44,false,ArialMT,true,694,40,50,5,0.3010299956639812
«Бакунин,false,391,12,51,false,ArialMT,true,694,52,59,5,
о,false,446,12,60,false,ArialMT,true,694,6,61,5,0.44465780490343443
свободе,false,456,12,62,false,ArialMT,true,694,46,69,5,
воли»,false,506,12,70,false,ArialMT,true,694,33,75,5,
2015.,false,85,12,0,false,ArialMT,true,719,30,5,5,0.4822681122428943
Феномен,false,118,12,6,false,ArialMT,true,719,50,13,5,
М.А.,false,172,12,14,false,ArialMT,true,719,24,18,5,
Бакунина,false,200,12,19,false,ArialMT,true,719,52,27,5,
–,false,256,12,28,false,ArialMT,true,719,6,29,5,0.0
взгляд,false,266,12,30,false,ArialMT,true,719,36,36,5,
из,false,306,12,37,false,ArialMT,true,719,12,39,5,
XXI,false,321,12,40,false,ArialMT,true,719,19,43,5,0.3010299956639812
века.,false,344,12,44,false,ArialMT,true,719,28,49,5,
РХГА.,false,376,12,50,false,ArialMT,true,719,33,55,5,
Доклад,false,413,12,56,false,ArialMT,true,719,40,62,5,0.3010299956639812
«Понятие,false,457,12,63,false,ArialMT,true,719,54,71,5,
«революция»,false,85,12,0,false,ArialMT,true,735,75,11,5,
у,false,164,12,12,false,ArialMT,true,735,6,13,5,
Бакунина:,false,173,12,14,false,ArialMT,true,735,55,23,5,
амбивалентность,false,232,12,24,false,ArialMT,true,735,98,39,5,
и,false,334,12,40,false,ArialMT,true,735,6,41,5,0.0
преемственность».,false,344,12,42,false,ArialMT,true,735,106,59,5,
2014.,false,85,12,0,false,ArialMT,true,761,30,5,5,0.555429854985112
Объединенная,false,118,12,6,false,ArialMT,true,761,83,18,5,
гуманитарная,false,205,12,19,false,ArialMT,true,761,77,31,5,
зимняя,false,286,12,32,false,ArialMT,true,761,40,38,5,
школа,false,329,12,39,false,ArialMT,true,761,35,44,5,0.0
НИУ,false,368,12,45,false,ArialMT,true,761,24,48,5,0.0
ВШЭ,false,396,12,49,false,ArialMT,true,761,27,52,5,0.0
2014.,false,427,12,53,false,ArialMT,true,761,29,58,5,0.555429854985112
2014.,false,85,12,0,false,ArialMT,true,62,30,5,5,0.555429854985112
Третья,false,121,12,6,false,ArialMT,true,62,38,12,5,
студенческая,false,164,12,13,false,ArialMT,true,62,75,25,5,
конференция,false,242,12,26,false,ArialMT,true,62,75,37,5,0.6258959214823476
факультета,false,320,12,38,false,ArialMT,true,62,65,48,5,0.0
истории,false,389,12,49,false,ArialMT,true,62,44,56,5,
НИУ,false,437,12,57,false,ArialMT,true,62,24,60,5,0.0
ВШЭ.,false,466,12,61,false,ArialMT,true,62,30,65,5,0.0
Доклад,false,504,12,66,false,ArialMT,true,62,40,72,5,0.3010299956639812
«Связь,false,85,12,0,false,ArialMT,true,78,39,6,5,
интеллектуальной,false,128,12,7,false,ArialMT,true,78,102,23,5,0.3010299956639812
истории,false,234,12,24,false,ArialMT,true,78,44,31,5,
и,false,282,12,32,false,ArialMT,true,78,6,33,5,0.0
политической,false,292,12,34,false,ArialMT,true,78,76,46,5,
философии,false,372,12,47,false,ArialMT,true,78,66,56,5,
на,false,442,12,57,false,ArialMT,true,78,13,59,5,0.0
примере,false,458,12,60,false,ArialMT,true,78,48,67,5,
Р.,false,510,12,68,false,ArialMT,true,78,11,70,5,
Козеллека».,false,85,12,0,false,ArialMT,true,94,68,11,5,
2014.,false,85,12,0,false,ArialMT,true,120,30,5,5,0.555429854985112
Конференция,false,118,12,6,false,ArialMT,true,120,76,17,5,0.6258959214823476
кафедры,false,198,12,18,false,ArialMT,true,120,50,25,5,0.0
философии,false,252,12,26,false,ArialMT,true,120,66,35,5,
по,false,322,12,36,false,ArialMT,true,120,13,38,5,0.0
итогам,false,338,12,39,false,ArialMT,true,120,38,45,5,
научной,false,380,12,46,false,ArialMT,true,120,45,53,5,0.0
работы,false,429,12,54,false,ArialMT,true,120,40,60,5,0.0
в,false,473,12,61,false,ArialMT,true,120,6,62,5,0.0
2013/2014,false,483,12,63,false,ArialMT,true,120,56,72,5,
учебном,false,85,12,0,false,ArialMT,true,135,47,7,5,0.0
году.,false,135,12,8,false,ArialMT,true,135,27,13,5,0.3010299956639812
МПГУ.,false,169,12,14,false,ArialMT,true,135,36,19,5,
Доклад,false,209,12,20,false,ArialMT,true,135,40,26,5,0.3010299956639812
«Взаимодействие,false,256,12,27,false,ArialMT,true,135,100,42,5,0.44465780490343443
интеллектуальной,false,360,12,43,false,ArialMT,true,135,102,59,5,0.3010299956639812
истории,false,466,12,60,false,ArialMT,true,135,44,67,5,
и,false,514,12,68,false,ArialMT,true,135,6,69,5,0.0
политической,false,85,12,0,false,ArialMT,true,151,76,12,5,
философии».,false,165,12,13,false,ArialMT,true,151,76,24,5,
2013.,false,88,12,0,false,ArialMT,true,177,30,5,5,0.5728871705323508
Круглый,false,121,12,6,false,ArialMT,true,177,46,13,5,
стол,false,171,12,14,false,ArialMT,true,177,25,18,5,
«Роль,false,200,12,19,false,ArialMT,true,177,34,24,5,0.3010299956639812
интеллектуалов,false,237,12,25,false,ArialMT,true,177,89,39,5,
в,false,330,12,40,false,ArialMT,true,177,6,41,5,0.0
переходный,false,340,12,42,false,ArialMT,true,177,68,52,5,
период:,false,412,12,53,false,ArialMT,true,177,43,60,5,
проблемы,false,458,12,61,false,ArialMT,true,177,57,69,5,0.5882856141428877
интеллектуальной,false,85,12,0,false,ArialMT,true,193,102,16,5,0.3010299956639812
истории».,false,191,12,17,false,ArialMT,true,193,55,26,5,
МПГУ.,false,249,12,27,false,ArialMT,true,193,36,32,5,
Доклад,false,292,12,33,false,ArialMT,true,193,40,39,5,0.3010299956639812
«Интеллектуалы,false,336,12,40,false,ArialMT,true,193,93,54,5,
и,false,433,12,55,false,ArialMT,true,193,6,56,5,0.0
интеллигенция,false,443,12,57,false,ArialMT,true,193,83,70,5,
в,false,530,12,71,false,ArialMT,true,193,6,72,5,0.0
свете,false,85,12,0,false,ArialMT,true,209,31,5,5,
исторической,false,119,12,6,false,ArialMT,true,209,75,18,5,
семантики».,false,198,12,19,false,ArialMT,true,209,68,30,5,
Награды,false,85,15,0,true,Arial-BoldMT,false,265,69,7,7,
и,false,158,15,8,true,Arial-BoldMT,false,265,9,9,7,0.0
поощрения,false,173,15,10,true,Arial-BoldMT,false,265,90,19,7,
2018–2020.,false,85,12,0,false,ArialMT,true,294,63,10,5,
Группа,false,151,12,11,false,ArialMT,true,294,38,17,5,0.3010299956639812
высокого,false,194,12,18,false,ArialMT,true,294,50,26,5,
профессионального,false,248,12,27,false,ArialMT,true,294,112,44,5,0.44465780490343443
потенциала,false,363,12,45,false,ArialMT,true,294,65,55,5,
(кадровый,false,433,12,56,false,ArialMT,true,294,57,65,5,
резерв,false,494,12,66,false,ArialMT,true,294,38,72,5,
НИУ,false,85,12,0,false,ArialMT,true,310,24,3,5,0.0
"ВШЭ),",false,113,12,4,false,ArialMT,true,310,35,9,5,0.0
категория,false,151,12,10,false,ArialMT,true,310,55,19,5,0.3010299956639812
«Новые,false,209,12,20,false,ArialMT,true,310,43,26,5,0.3010299956639812
исследователи»,false,257,12,27,false,ArialMT,true,310,91,41,5,
"2018,",false,85,12,0,false,ArialMT,true,336,30,5,5,0.44465780490343443
"2019,",false,118,12,6,false,ArialMT,true,336,29,11,5,0.535276863192891
2020.,false,151,12,12,false,ArialMT,true,336,30,17,5,0.39164905395343774
Лучший,false,185,12,18,false,ArialMT,true,336,43,24,5,
преподаватель,false,231,12,25,false,ArialMT,true,336,85,38,5,0.0
НИУ,false,320,12,39,false,ArialMT,true,336,24,42,5,0.0
ВШЭ:,false,348,12,43,false,ArialMT,true,336,30,47,5,0.0
выбор,false,382,12,48,false,ArialMT,true,336,35,53,5,
лицеистов,false,421,12,54,false,ArialMT,true,336,58,63,5,
2013-2014.,false,85,12,0,false,ArialMT,true,362,60,10,5,
Стипендия,false,149,12,11,false,ArialMT,true,362,60,20,5,
им.,false,216,12,21,false,ArialMT,true,362,18,24,5,0.0
А.Ф.,false,238,12,25,false,ArialMT,true,362,23,29,5,
"Лосева,",false,265,12,30,false,ArialMT,true,362,43,37,5,
Московский,false,312,12,38,false,ArialMT,true,362,65,48,5,0.3010299956639812
государственный,false,381,12,49,false,ArialMT,true,362,96,64,5,0.0
педагогический,false,85,12,0,false,ArialMT,true,378,86,14,5,
университет,false,175,12,15,false,ArialMT,true,378,69,26,5,0.0
Публикации,false,85,15,0,true,Arial-BoldMT,false,432,96,10,7,0.0
(ключевые),false,186,15,11,true,Arial-BoldMT,false,432,93,21,7,
•,false,102,12,0,false,ArialMT,true,462,5,1,5,0.0
Ильин,false,120,12,2,false,ArialMT,true,462,35,7,5,
А.,false,166,12,8,false,ArialMT,true,462,11,10,5,0.0
А.,false,189,12,11,false,ArialMT,true,462,11,13,5,0.0
Герцен,false,211,12,14,false,ArialMT,true,462,39,20,5,
открывает,false,262,12,21,false,ArialMT,true,462,57,30,5,
случайность,false,331,12,31,false,ArialMT,true,462,69,42,5,
//,false,411,12,43,false,ArialMT,true,462,6,45,5,0.0
Новое,false,429,12,46,false,ArialMT,true,462,34,51,5,0.3010299956639812
литературное,false,475,12,52,false,ArialMT,true,462,77,64,5,
обозрение.,false,120,12,0,false,ArialMT,true,475,62,10,5,
2019.,false,186,12,11,false,ArialMT,true,475,29,16,5,0.535276863192891
№,false,219,12,17,false,ArialMT,true,475,12,18,5,0.0
157.,false,236,12,19,false,ArialMT,true,475,23,23,5,
С.,false,262,12,24,false,ArialMT,true,475,12,26,5,0.0
325-332.,false,278,12,27,false,ArialMT,true,475,47,35,5,
•,false,102,12,0,false,ArialMT,true,490,5,1,5,0.0
Ильин,false,120,12,2,false,ArialMT,true,490,35,7,5,
А.А.,false,160,12,8,false,ArialMT,true,490,22,12,5,0.0
“Раздирающий,false,187,12,13,false,ArialMT,true,490,83,25,5,
душу,false,274,12,26,false,ArialMT,true,490,28,30,5,
вопль”:,false,307,12,31,false,ArialMT,true,490,40,38,5,
спор,false,351,12,39,false,ArialMT,true,490,25,43,5,
А.И.,false,381,12,44,false,ArialMT,true,490,23,48,5,0.0
Герцена,false,409,12,49,false,ArialMT,true,490,46,56,5,
и,false,460,12,57,false,ArialMT,true,490,6,58,5,0.0
Б.Н.,false,471,12,59,false,ArialMT,true,490,23,63,5,
Чичерина,false,498,12,64,false,ArialMT,true,490,54,72,5,
о,false,120,12,0,false,ArialMT,true,504,6,1,5,0.44465780490343443
роли,false,130,12,2,false,ArialMT,true,504,27,6,5,0.3010299956639812
эмоций,false,161,12,7,false,ArialMT,true,504,41,13,5,
в,false,205,12,14,false,ArialMT,true,504,6,15,5,0.0
политике,false,215,12,16,false,ArialMT,true,504,50,24,5,0.3010299956639812
//,false,269,12,25,false,ArialMT,true,504,6,27,5,0.0
Диалог,false,280,12,28,false,ArialMT,true,504,39,34,5,
со,false,322,12,35,false,ArialMT,true,504,12,37,5,
временем.,false,338,12,38,false,ArialMT,true,504,59,47,5,
2017.,false,401,12,48,false,ArialMT,true,504,30,53,5,0.555429854985112
№,false,435,12,54,false,ArialMT,true,504,12,55,5,0.0
61.,false,451,12,56,false,ArialMT,true,504,16,59,5,
С.,false,471,12,60,false,ArialMT,true,504,12,62,5,0.0
247-261.,false,486,12,63,false,ArialMT,true,504,47,71,5,
•,false,102,12,0,false,ArialMT,true,519,5,1,5,0.0
Ильин,false,120,12,2,false,ArialMT,true,518,35,7,5,
А.А.,false,165,12,8,false,ArialMT,true,518,22,12,5,0.0
Теории,false,198,12,13,false,ArialMT,true,518,40,19,5,0.3010299956639812
и,false,248,12,20,false,ArialMT,true,518,6,21,5,0.0
аргументы:,false,265,12,22,false,ArialMT,true,518,62,32,5,
реакция,false,337,12,33,false,ArialMT,true,518,45,40,5,
в,false,392,12,41,false,ArialMT,true,518,6,42,5,0.0
России,false,408,12,43,false,ArialMT,true,518,40,49,5,0.6020599913279624
на,false,458,12,50,false,ArialMT,true,518,13,52,5,0.0
европейские,false,481,12,53,false,ArialMT,true,518,70,64,5,
революции,false,120,12,0,false,ArialMT,true,532,62,9,5,
1848,false,188,12,10,false,ArialMT,true,532,26,14,5,
года,false,219,12,15,false,ArialMT,true,532,24,19,5,0.3010299956639812
(по,false,248,12,20,false,ArialMT,true,532,17,23,5,0.0
материалам,false,270,12,24,false,ArialMT,true,532,69,34,5,0.3010299956639812
русской,false,343,12,35,false,ArialMT,true,532,43,42,5,
прессы,false,391,12,43,false,ArialMT,true,532,40,49,5,
и,false,436,12,50,false,ArialMT,true,532,6,51,5,0.0
законодательства),false,447,12,52,false,ArialMT,true,532,105,69,5,
//,false,120,12,0,false,ArialMT,true,546,6,2,5,0.0
Клио.,false,130,12,3,false,ArialMT,true,546,30,8,5,
2016.,false,164,12,9,false,ArialMT,true,546,29,14,5,0.4822681122428943
№,false,198,12,15,false,ArialMT,true,546,12,16,5,0.0
9.,false,214,12,17,false,ArialMT,true,546,10,19,5,0.39164905395343774
С.,false,227,12,20,false,ArialMT,true,546,12,22,5,0.0
48-56.,false,242,12,23,false,ArialMT,true,546,34,29,5,
•,false,102,12,0,false,ArialMT,true,561,5,1,5,0.0
Ильин,false,120,12,2,false,ArialMT,true,561,35,7,5,
А.А.,false,159,12,8,false,ArialMT,true,561,22,12,5,0.0
Между,false,185,12,13,false,ArialMT,true,561,37,18,5,
нацией,false,226,12,19,false,ArialMT,true,561,40,25,5,
и,false,270,12,26,false,ArialMT,true,561,6,27,5,0.0
гендером:,false,280,12,28,false,ArialMT,true,561,56,37,5,
мода,false,339,12,38,false,ArialMT,true,561,28,42,5,
на,false,371,12,43,false,ArialMT,true,561,13,45,5,0.0
бороды,false,388,12,46,false,ArialMT,true,561,42,52,5,
в,false,434,12,53,false,ArialMT,true,561,6,54,5,0.0
Западной,false,443,12,55,false,ArialMT,true,561,54,63,5,0.3010299956639812
Европе,false,501,12,64,false,ArialMT,true,561,40,70,5,0.3010299956639812
и,false,545,12,71,false,ArialMT,true,561,6,72,5,0.0
России,false,120,12,0,false,ArialMT,true,574,40,6,5,0.6020599913279624
в,false,166,12,7,false,ArialMT,true,574,6,8,5,0.0
1830—1880е,false,179,12,9,false,ArialMT,true,574,72,19,5,
годы,false,257,12,20,false,ArialMT,true,574,26,24,5,0.3010299956639812
//,false,290,12,25,false,ArialMT,true,574,6,27,5,0.0
Вестник,false,302,12,28,false,ArialMT,true,574,44,35,5,
Балтийского,false,353,12,36,false,ArialMT,true,574,69,47,5,
университета.,false,428,12,48,false,ArialMT,true,574,79,61,5,0.0
Серия:,false,514,12,62,false,ArialMT,true,574,38,68,5,0.3010299956639812
Гуманитарные,false,120,12,0,false,ArialMT,true,588,81,12,5,
и,false,205,12,13,false,ArialMT,true,588,6,14,5,0.0
общественные,false,215,12,15,false,ArialMT,true,588,83,27,5,0.44465780490343443
науки.,false,302,12,28,false,ArialMT,true,588,34,34,5,0.0
2016.,false,340,12,35,false,ArialMT,true,588,29,40,5,0.4822681122428943
№,false,373,12,41,false,ArialMT,true,588,12,42,5,0.0
3.,false,389,12,43,false,ArialMT,true,588,10,45,5,0.0
С.5-12.,false,402,12,46,false,ArialMT,true,588,39,53,5,
Дополнительная,false,85,15,0,true,Arial-BoldMT,false,630,134,14,7,0.39164905395343774
информация,false,224,15,15,true,Arial-BoldMT,false,630,102,25,7,0.3010299956639812
Сертификат,false,85,12,0,false,ArialMT,true,659,68,10,5,0.0
IELTS,false,156,12,11,false,ArialMT,true,659,33,16,5,
7.0.,false,193,12,17,false,ArialMT,true,659,19,21,5,
(2014,false,216,12,22,false,ArialMT,true,659,30,27,5,0.555429854985112
г.),false,250,12,28,false,ArialMT,true,659,11,31,5,0.0
